,accuracy,precision,recall,f1_score,confusion_matrix
logistic_regression,0.825,0.7358490566037735,0.65,0.6902654867256637,"[[126  14]
 [ 21  39]]"
random_forest,0.8,0.6851851851851852,0.6166666666666667,0.6491228070175439,"[[123  17]
 [ 23  37]]"
svm,0.815,0.7555555555555555,0.5666666666666667,0.6476190476190476,"[[129  11]
 [ 26  34]]"
voting_classifier,0.815,0.7254901960784313,0.6166666666666667,0.6666666666666666,"[[126  14]
 [ 23  37]]"
