feature,importance
participation,0.15001771977168565
stress_level,0.08827864885059926
attendance,0.07798931350198895
study_hours,0.06395242850454724
assignment_delay,0.05889699319012474
